,url
0,http://v.media.daum.net/v/20210512120736022
1,http://v.media.daum.net/v/20210512091125820
2,http://v.media.daum.net/v/20210512085248858
3,http://v.media.daum.net/v/20210512095404761
4,http://v.media.daum.net/v/20210512093507910
5,http://v.media.daum.net/v/20210512105307957
6,http://v.media.daum.net/v/20210512095506800
7,http://v.media.daum.net/v/20210512084611649
8,http://v.media.daum.net/v/20210512093726016
9,http://v.media.daum.net/v/20210512075335309
10,http://v.media.daum.net/v/20210512074610188
11,http://v.media.daum.net/v/20210512085158824
12,http://v.media.daum.net/v/20210512085317872
13,http://v.media.daum.net/v/20210512030051855
14,http://v.media.daum.net/v/20210511200701682
15,http://v.media.daum.net/v/20210512085956073
